<?xml version="1.0" encoding="UTF-8"?><bookmarks><file xmlns="http://www.w3.org/1999/xhtml" absolutepath="/Users/gustav/Dropbox/Reconstruction_and_analysis_tools/Matlab/MRI-apps/Retrospective8.1/retrospective.mlapp"></file><file xmlns="http://www.w3.org/1999/xhtml" absolutepath="/Users/gustav/Dropbox/Reconstruction_and_analysis_tools/Matlab/MRI-apps/Retrospective8.1/@retroReco/retroReco.m"></file><file xmlns="http://www.w3.org/1999/xhtml" absolutepath="/Users/gustav/Dropbox/Reconstruction_and_analysis_tools/Matlab/MRI-apps/Retrospective8.1/@retroKspace/retroKspace.m"></file><file xmlns="http://www.w3.org/1999/xhtml" absolutepath="/Users/gustav/Dropbox/Reconstruction_and_analysis_tools/Matlab/MRI-apps/Retrospective8.1/Functions/export/export_dicom_dcm.m"></file><file xmlns="http://www.w3.org/1999/xhtml" absolutepath="/Users/gustav/Dropbox/Reconstruction_and_analysis_tools/Matlab/MRI-apps/Retrospective8.1/Functions/export/export_dicom_mat.m"></file><file xmlns="http://www.w3.org/1999/xhtml" absolutepath="/Users/gustav/Dropbox/Reconstruction_and_analysis_tools/Matlab/MRI-apps/Retrospective8.1/Functions/export/export_gif.m"></file><file xmlns="http://www.w3.org/1999/xhtml" absolutepath="/Users/gustav/Dropbox/Reconstruction_and_analysis_tools/Matlab/FibersAndTendons/fibersandtendons.m"></file><file xmlns="http://www.w3.org/1999/xhtml" absolutepath="/Users/gustav/Dropbox/Reconstruction_and_analysis_tools/Matlab/MRI-apps/PROUD3/P2ROUD.mlapp"></file><file xmlns="http://www.w3.org/1999/xhtml" absolutepath="/Users/gustav/Dropbox/Reconstruction_and_analysis_tools/Matlab/MRI-apps/PROUD3/Copy_of_P2ROUD.mlapp"></file><file xmlns="http://www.w3.org/1999/xhtml" absolutepath="/Users/gustav/Dropbox/Reconstruction_and_analysis_tools/Matlab/MRI-apps/PROUD3/Reconstruction/fft_reco2D_mc.m"></file><file xmlns="http://www.w3.org/1999/xhtml" absolutepath="/Users/gustav/Dropbox/Reconstruction_and_analysis_tools/Matlab/MRI-apps/PROUD3/@proudData/proudData.m"></file><file xmlns="http://www.w3.org/1999/xhtml" absolutepath="/Users/gustav/Dropbox/Reconstruction_and_analysis_tools/Matlab/MRI-apps/PROUD3/Functions/Export/export_dicom_MRD.m"></file><file xmlns="http://www.w3.org/1999/xhtml" absolutepath="/Users/gustav/Dropbox/Reconstruction_and_analysis_tools/Matlab/MRI-apps/PROUD3/Functions/Export/exportDicomMRD.m"></file><file xmlns="http://www.w3.org/1999/xhtml" absolutepath="/Users/gustav/Dropbox/Reconstruction_and_analysis_tools/Matlab/MRI-apps/Retrospective8.2/@retroData/retroData.m"></file><file xmlns="http://www.w3.org/1999/xhtml" absolutepath="/Users/gustav/Dropbox/Reconstruction_and_analysis_tools/Matlab/MRI-apps/Retrospective8.1/@retroNav/retroNav.m"></file><file xmlns="http://www.w3.org/1999/xhtml" absolutepath="/Users/gustav/Dropbox/Reconstruction_and_analysis_tools/Matlab/MRI-apps/Retrospective8.1/@retroData/retroData.m"></file><file xmlns="http://www.w3.org/1999/xhtml" absolutepath="/Users/gustav/Dropbox/Reconstruction_and_analysis_tools/Matlab/MRI-apps/PROUD3/Functions/CSreco_mat/CSL1NlCg.m"></file><file xmlns="http://www.w3.org/1999/xhtml" absolutepath="/Users/gustav/Dropbox/Reconstruction_and_analysis_tools/Matlab/MRI-apps/Retrospective8.1/Functions/export/retroExportDicomDcm.m"></file><file xmlns="http://www.w3.org/1999/xhtml" absolutepath="/Users/gustav/Dropbox/Reconstruction_and_analysis_tools/Matlab/MRI-apps/Retrospective8.1/Functions/export/retroExportDicomMRD.m"></file><file xmlns="http://www.w3.org/1999/xhtml" absolutepath="/Users/gustav/Dropbox/Reconstruction_and_analysis_tools/Matlab/MRI-apps/Retrospective8.1/Functions/export/retroExportGif.m"></file><file xmlns="http://www.w3.org/1999/xhtml" absolutepath="/Users/gustav/Dropbox/Reconstruction_and_analysis_tools/Matlab/MRI-apps/PROUD3/Functions/Export/exportGif.m"></file><file xmlns="http://www.w3.org/1999/xhtml" absolutepath="/Users/gustav/Dropbox/Reconstruction_and_analysis_tools/Matlab/MRI-apps/T1mapping-3D/T1map.mlapp"></file><file xmlns="http://www.w3.org/1999/xhtml" absolutepath="/Users/gustav/Dropbox/Reconstruction_and_analysis_tools/Matlab/MRI-apps/Retrospective8/@retroReco/retroReco.m"></file><file xmlns="http://www.w3.org/1999/xhtml" absolutepath="/Users/gustav/Dropbox/Reconstruction_and_analysis_tools/Matlab/MRI-apps/T1mapping-3D/T1mapp.mlapp"></file><file xmlns="http://www.w3.org/1999/xhtml" absolutepath="/Users/gustav/Dropbox/Reconstruction_and_analysis_tools/Matlab/MRI-apps/T1mapping-3D/fitting/fitB1mapFnc.m"></file><file xmlns="http://www.w3.org/1999/xhtml" absolutepath="/Users/gustav/Dropbox/Reconstruction_and_analysis_tools/Matlab/MRI-apps/T1mapping-3D/fitting/dotheT1fit_despot.m"></file><file xmlns="http://www.w3.org/1999/xhtml" absolutepath="/Users/gustav/Dropbox/Reconstruction_and_analysis_tools/Matlab/MRI-apps/ADCmapping/ADCmap.mlapp"></file><file xmlns="http://www.w3.org/1999/xhtml" absolutepath="/Users/gustav/Dropbox/Reconstruction_and_analysis_tools/Matlab/MRI-apps/ADCmapping/ADCmapp.mlapp"></file><file xmlns="http://www.w3.org/1999/xhtml" absolutepath="/Users/gustav/Dropbox/Reconstruction_and_analysis_tools/Matlab/MRI-apps/Retrospective8/@retroData/retroData.m"></file><file xmlns="http://www.w3.org/1999/xhtml" absolutepath="/Users/gustav/Dropbox/Reconstruction_and_analysis_tools/Matlab/old and backup/Retrospective_old/Retrospective7.5/retrospective.mlapp"></file><file xmlns="http://www.w3.org/1999/xhtml" absolutepath="/Users/gustav/Dropbox/Reconstruction_and_analysis_tools/Matlab/MRI-apps/Retrospective8/retrospective.mlapp"></file><file xmlns="http://www.w3.org/1999/xhtml" absolutepath="/Users/gustav/Dropbox/Reconstruction_and_analysis_tools/Matlab/MRI-apps/Retrospective8/@retroNav/retroNav.m"></file><file xmlns="http://www.w3.org/1999/xhtml" absolutepath="/Users/gustav/Dropbox/Reconstruction_and_analysis_tools/Matlab/MRI-apps/Retrospective8/@retroKspace/retroKspace.m"></file><file xmlns="http://www.w3.org/1999/xhtml" absolutepath="/Users/gustav/Dropbox/Reconstruction_and_analysis_tools/Matlab/MRI-apps/Retrospective8/Functions/export/retroExportDicomMat.m"></file><file xmlns="http://www.w3.org/1999/xhtml" absolutepath="/Users/gustav/Dropbox/Reconstruction_and_analysis_tools/Matlab/MRI-apps/Retrospective8/Functions/export/retroExportDicomDcm.m"></file><file xmlns="http://www.w3.org/1999/xhtml" absolutepath="/Users/gustav/Dropbox/Reconstruction_and_analysis_tools/Matlab/MRI-apps/Retrospective8/Functions/export/retroExportGif.m"></file></bookmarks>