<?xml version="1.0" encoding="utf-8"?>
<productAdditionalComps>
   <dependsOn>
      <component>
         <name>T1mapp</name>
         <locale/>
         <platformList>
            <platform>maci64</platform>
         </platformList>
         <version>2.3</version>
      </component>
   </dependsOn>
   <isControllingProduct>true</isControllingProduct>
   <platform>maci64</platform>
   <productName>T1mapp</productName>
   <productNumber>5000</productNumber>
   <productBaseCode>T1mapp</productBaseCode>
   <productVersion>2.3</productVersion>
   <releaseFamily>R2021b</releaseFamily>
   <releaseDescription>R2021b</releaseDescription>
</productAdditionalComps>